name,rate,category,location,info_link,cover_link
霸王别姬,9.6,剧情,中国大陆,https://movie.douban.com/subject/1291546/,https://img9.doubanio.com/view/photo/s_ratio_poster/public/p2561716440.jpg
棱角杯,9.6,剧情,中国大陆,https://movie.douban.com/subject/26672579/,https://img9.doubanio.com/view/photo/s_ratio_poster/public/p2289885277.jpg
茶馆,9.5,剧情,中国大陆,https://movie.douban.com/subject/1461403/,https://img9.doubanio.com/view/photo/s_ratio_poster/public/p2262122096.jpg
背靠背，脸对脸,9.4,剧情,中国大陆,https://movie.douban.com/subject/1307856/,https://img9.doubanio.com/view/photo/s_ratio_poster/public/p2505048077.jpg
遥望南方的童年,9.4,剧情,中国大陆,https://movie.douban.com/subject/3037329/,https://img9.doubanio.com/view/photo/s_ratio_poster/public/p2516014437.jpg
横空出世,9.3,剧情,中国大陆,https://movie.douban.com/subject/1464526/,https://img9.doubanio.com/view/photo/s_ratio_poster/public/p672536444.jpg
末代皇帝,9.2,剧情,中国大陆,https://movie.douban.com/subject/1293172/,https://img9.doubanio.com/view/photo/s_ratio_poster/public/p452089833.jpg
活着,9.2,剧情,中国大陆,https://movie.douban.com/subject/1292365/,https://img9.doubanio.com/view/photo/s_ratio_poster/public/p2513253791.jpg
鬼子来了,9.2,剧情,中国大陆,https://movie.douban.com/subject/1291858/,https://img9.doubanio.com/view/photo/s_ratio_poster/public/p2553104888.jpg
狐妖小红娘剧场版：王权富贵,9.2,剧情,中国大陆,https://movie.douban.com/subject/26946612/,https://img9.doubanio.com/view/photo/s_ratio_poster/public/p2409467410.jpg
剃头匠,9.2,剧情,中国大陆,https://movie.douban.com/subject/3097352/,https://img9.doubanio.com/view/photo/s_ratio_poster/public/p2190291916.jpg
哀乐中年,9.2,剧情,中国大陆,https://movie.douban.com/subject/4719384/,https://img9.doubanio.com/view/photo/s_ratio_poster/public/p2029574250.jpg
大宅门,9.2,剧情,中国大陆,https://movie.douban.com/subject/5301572/,https://img9.doubanio.com/view/photo/s_ratio_poster/public/p1964425586.jpg
芙蓉镇,9.1,剧情,中国大陆,https://movie.douban.com/subject/1297880/,https://img9.doubanio.com/view/photo/s_ratio_poster/public/p2174804034.jpg
天堂回信,9.1,剧情,中国大陆,https://movie.douban.com/subject/1418076/,https://img9.doubanio.com/view/photo/s_ratio_poster/public/p1090024531.jpg
金猴降妖,9.1,剧情,中国大陆,https://movie.douban.com/subject/1780256/,https://img9.doubanio.com/view/photo/s_ratio_poster/public/p1988812771.jpg
紫陀螺,9.1,剧情,中国大陆,https://movie.douban.com/subject/2361040/,https://img9.doubanio.com/view/photo/s_ratio_poster/public/p2517536598.jpg
难夫难妻,9.1,剧情,中国大陆,https://movie.douban.com/subject/2057398/,https://img9.doubanio.com/view/photo/s_ratio_poster/public/p2593730144.jpg
越剧红楼梦,9.1,剧情,中国大陆,https://movie.douban.com/subject/4827535/,https://img9.doubanio.com/view/photo/s_ratio_poster/public/p2590299418.jpg
荒山泪,9.1,剧情,中国大陆,https://movie.douban.com/subject/3724033/,https://img9.doubanio.com/view/photo/s_ratio_poster/public/p1945500364.jpg
穆桂英挂帅,9.1,剧情,中国大陆,https://movie.douban.com/subject/2340950/,https://img9.doubanio.com/view/photo/s_ratio_poster/public/p2345664648.jpg
我不是药神,9.0,剧情,中国大陆,https://movie.douban.com/subject/26752088/,https://img9.doubanio.com/view/photo/s_ratio_poster/public/p2561305376.jpg
神女,9.0,剧情,中国大陆,https://movie.douban.com/subject/1302210/,https://img9.doubanio.com/view/photo/s_ratio_poster/public/p2028929312.jpg
红楼梦,9.0,剧情,中国大陆,https://movie.douban.com/subject/1329969/,https://img9.doubanio.com/view/photo/s_ratio_poster/public/p2322451692.jpg
肖申克的救赎,9.7,剧情,美国,https://movie.douban.com/subject/1292052/,https://img9.doubanio.com/view/photo/s_ratio_poster/public/p480747492.jpg
控方证人,9.6,剧情,美国,https://movie.douban.com/subject/1296141/,https://img9.doubanio.com/view/photo/s_ratio_poster/public/p1505392928.jpg
阿甘正传,9.5,剧情,美国,https://movie.douban.com/subject/1292720/,https://img9.doubanio.com/view/photo/s_ratio_poster/public/p1484728154.jpg
辛德勒的名单,9.5,剧情,美国,https://movie.douban.com/subject/1295124/,https://img9.doubanio.com/view/photo/s_ratio_poster/public/p492406163.jpg
控方证人,9.5,剧情,美国,https://movie.douban.com/subject/5294851/,https://img9.doubanio.com/view/photo/s_ratio_poster/public/p2367853261.jpg
十二怒汉（电视版）,9.5,剧情,美国,https://movie.douban.com/subject/10583098/,https://img9.doubanio.com/view/photo/s_ratio_poster/public/p2153875961.jpg
唐顿庄园：2015圣诞特别篇,9.5,剧情,美国,https://movie.douban.com/subject/26320001/,https://img9.doubanio.com/view/photo/s_ratio_poster/public/p2292519115.jpg
威尔和格蕾丝 告别秀,9.5,剧情,美国,https://movie.douban.com/subject/2263259/,https://img9.doubanio.com/view/photo/s_ratio_poster/public/p2408281629.jpg
泰坦尼克号,9.4,剧情,美国,https://movie.douban.com/subject/1292722/,https://img9.doubanio.com/view/photo/s_ratio_poster/public/p457760035.jpg
忠犬八公的故事,9.4,剧情,美国,https://movie.douban.com/subject/3011091/,https://img9.doubanio.com/view/photo/s_ratio_poster/public/p524964016.jpg
十二怒汉,9.4,剧情,美国,https://movie.douban.com/subject/1293182/,https://img9.doubanio.com/view/photo/s_ratio_poster/public/p2173577632.jpg
疑犯追踪 试播集,9.4,剧情,美国,https://movie.douban.com/subject/24700683/,https://img9.doubanio.com/view/photo/s_ratio_poster/public/p1974739828.jpg
拽妹黛薇儿要上大学了没,9.4,剧情,美国,https://movie.douban.com/subject/2054458/,https://img9.doubanio.com/view/photo/s_ratio_poster/public/p2529714509.jpg
拜访森林,9.4,剧情,美国,https://movie.douban.com/subject/25741291/,https://img9.doubanio.com/view/photo/s_ratio_poster/public/p2591308441.jpg
盗梦空间,9.3,剧情,美国,https://movie.douban.com/subject/3541415/,https://img9.doubanio.com/view/photo/s_ratio_poster/public/p513344864.jpg
楚门的世界,9.3,剧情,美国,https://movie.douban.com/subject/1292064/,https://img9.doubanio.com/view/photo/s_ratio_poster/public/p479682972.jpg
星际穿越,9.3,剧情,美国,https://movie.douban.com/subject/1889243/,https://img9.doubanio.com/view/photo/s_ratio_poster/public/p2206088801.jpg
教父,9.3,剧情,美国,https://movie.douban.com/subject/1291841/,https://img9.doubanio.com/view/photo/s_ratio_poster/public/p616779645.jpg
乱世佳人,9.3,剧情,美国,https://movie.douban.com/subject/1300267/,https://img9.doubanio.com/view/photo/s_ratio_poster/public/p1963126880.jpg
摩登时代,9.3,剧情,美国,https://movie.douban.com/subject/1294371/,https://img9.doubanio.com/view/photo/s_ratio_poster/public/p2263408369.jpg
城市之光,9.3,剧情,美国,https://movie.douban.com/subject/1293908/,https://img9.doubanio.com/view/photo/s_ratio_poster/public/p2170238828.jpg
生活多美好,9.3,剧情,美国,https://movie.douban.com/subject/1293749/,https://img9.doubanio.com/view/photo/s_ratio_poster/public/p771490367.jpg
博弈论,9.3,剧情,美国,https://movie.douban.com/subject/3272459/,https://img9.doubanio.com/view/photo/s_ratio_poster/public/p2573535453.jpg
查理布朗男孩,9.3,剧情,美国,https://movie.douban.com/subject/1295406/,https://img9.doubanio.com/view/photo/s_ratio_poster/public/p2593215710.jpg
蝙蝠侠：黑暗骑士,9.2,剧情,美国,https://movie.douban.com/subject/1851857/,https://img9.doubanio.com/view/photo/s_ratio_poster/public/p462657443.jpg
指环王3：王者无敌,9.2,剧情,美国,https://movie.douban.com/subject/1291552/,https://img9.doubanio.com/view/photo/s_ratio_poster/public/p1910825503.jpg
教父2,9.2,剧情,美国,https://movie.douban.com/subject/1299131/,https://img9.doubanio.com/view/photo/s_ratio_poster/public/p2194138787.jpg
美国往事,9.2,剧情,美国,https://movie.douban.com/subject/1292262/,https://img9.doubanio.com/view/photo/s_ratio_poster/public/p477229647.jpg
超感猎杀：完结特别篇,9.2,剧情,美国,https://movie.douban.com/subject/27040774/,https://img9.doubanio.com/view/photo/s_ratio_poster/public/p2520264840.jpg
寻子遇仙记,9.2,剧情,美国,https://movie.douban.com/subject/1293270/,https://img9.doubanio.com/view/photo/s_ratio_poster/public/p2506524685.jpg
地下,9.2,剧情,美国,https://movie.douban.com/subject/1292206/,https://img9.doubanio.com/view/photo/s_ratio_poster/public/p1833776334.jpg
怦然心动,9.1,剧情,美国,https://movie.douban.com/subject/3319755/,https://img9.doubanio.com/view/photo/s_ratio_poster/public/p501177648.jpg
当幸福来敲门,9.1,剧情,美国,https://movie.douban.com/subject/1849031/,https://img9.doubanio.com/view/photo/s_ratio_poster/public/p1312700628.jpg
何以为家,9.1,剧情,美国,https://movie.douban.com/subject/30170448/,https://img9.doubanio.com/view/photo/s_ratio_poster/public/p2555295759.jpg
少年派的奇幻漂流,9.1,剧情,美国,https://movie.douban.com/subject/1929463/,https://img9.doubanio.com/view/photo/s_ratio_poster/public/p1784592701.jpg
指环王2：双塔奇兵,9.1,剧情,美国,https://movie.douban.com/subject/1291572/,https://img9.doubanio.com/view/photo/s_ratio_poster/public/p909265336.jpg
闻香识女人,9.1,剧情,美国,https://movie.douban.com/subject/1298624/,https://img9.doubanio.com/view/photo/s_ratio_poster/public/p2550757929.jpg
穿条纹睡衣的男孩,9.1,剧情,美国,https://movie.douban.com/subject/3008247/,https://img9.doubanio.com/view/photo/s_ratio_poster/public/p1473670352.jpg
死亡诗社,9.1,剧情,美国,https://movie.douban.com/subject/1291548/,https://img9.doubanio.com/view/photo/s_ratio_poster/public/p2575465690.jpg
饮食男女,9.1,剧情,美国,https://movie.douban.com/subject/1291818/,https://img9.doubanio.com/view/photo/s_ratio_poster/public/p1910899751.jpg
完美的世界,9.1,剧情,美国,https://movie.douban.com/subject/1300992/,https://img9.doubanio.com/view/photo/s_ratio_poster/public/p792403691.jpg
飞越疯人院,9.1,剧情,美国,https://movie.douban.com/subject/1292224/,https://img9.doubanio.com/view/photo/s_ratio_poster/public/p792238287.jpg
大独裁者,9.1,剧情,美国,https://movie.douban.com/subject/1295646/,https://img9.doubanio.com/view/photo/s_ratio_poster/public/p1960167314.jpg
十二怒汉,9.1,剧情,美国,https://movie.douban.com/subject/1293989/,https://img9.doubanio.com/view/photo/s_ratio_poster/public/p2337734157.jpg
光荣之路,9.1,剧情,美国,https://movie.douban.com/subject/1292969/,https://img9.doubanio.com/view/photo/s_ratio_poster/public/p955392372.jpg
将军号,9.1,剧情,美国,https://movie.douban.com/subject/1292778/,https://img9.doubanio.com/view/photo/s_ratio_poster/public/p2248676081.jpg
丛林赤子心,9.1,剧情,美国,https://movie.douban.com/subject/1473562/,https://img9.doubanio.com/view/photo/s_ratio_poster/public/p2321248846.jpg
熊的故事,9.1,剧情,美国,https://movie.douban.com/subject/1300334/,https://img9.doubanio.com/view/photo/s_ratio_poster/public/p2454268056.jpg
鳄鱼波鞋走天涯,9.1,剧情,美国,https://movie.douban.com/subject/1301811/,https://img9.doubanio.com/view/photo/s_ratio_poster/public/p2188484411.jpg
纽伦堡的审判,9.1,剧情,美国,https://movie.douban.com/subject/1292589/,https://img9.doubanio.com/view/photo/s_ratio_poster/public/p922207281.jpg
卡门,9.1,剧情,美国,https://movie.douban.com/subject/1448669/,https://img9.doubanio.com/view/photo/s_ratio_poster/public/p2589350775.jpg
星期天与乔治同游公园,9.1,剧情,美国,https://movie.douban.com/subject/1304265/,https://img9.doubanio.com/view/photo/s_ratio_poster/public/p2526000471.jpg
史努比，回家吧,9.1,剧情,美国,https://movie.douban.com/subject/1297777/,https://img9.doubanio.com/view/photo/s_ratio_poster/public/p2593214949.jpg
人鼠之间,9.1,剧情,美国,https://movie.douban.com/subject/26431592/,https://img9.doubanio.com/view/photo/s_ratio_poster/public/p2252276881.jpg
飞屋环游记,9.0,剧情,美国,https://movie.douban.com/subject/2129039/,https://img9.doubanio.com/view/photo/s_ratio_poster/public/p485887754.jpg
罗马假日,9.0,剧情,美国,https://movie.douban.com/subject/1293839/,https://img9.doubanio.com/view/photo/s_ratio_poster/public/p2189265085.jpg
猫鼠游戏,9.0,剧情,美国,https://movie.douban.com/subject/1305487/,https://img9.doubanio.com/view/photo/s_ratio_poster/public/p453924541.jpg
指环王1：魔戒再现,9.0,剧情,美国,https://movie.douban.com/subject/1291571/,https://img9.doubanio.com/view/photo/s_ratio_poster/public/p1354436051.jpg
美丽心灵,9.0,剧情,美国,https://movie.douban.com/subject/1306029/,https://img9.doubanio.com/view/photo/s_ratio_poster/public/p1665997400.jpg
音乐之声,9.0,剧情,美国,https://movie.douban.com/subject/1294408/,https://img9.doubanio.com/view/photo/s_ratio_poster/public/p2189265302.jpg
搏击俱乐部,9.0,剧情,美国,https://movie.douban.com/subject/1292000/,https://img9.doubanio.com/view/photo/s_ratio_poster/public/p1910926158.jpg
拯救大兵瑞恩,9.0,剧情,美国,https://movie.douban.com/subject/1292849/,https://img9.doubanio.com/view/photo/s_ratio_poster/public/p1014542496.jpg
影武者,9.0,剧情,美国,https://movie.douban.com/subject/1303067/,https://img9.doubanio.com/view/photo/s_ratio_poster/public/p997945263.jpg
海蒂,9.0,剧情,美国,https://movie.douban.com/subject/1925081/,https://img9.doubanio.com/view/photo/s_ratio_poster/public/p2270779943.jpg
金色池塘,9.0,剧情,美国,https://movie.douban.com/subject/5135239/,https://img9.doubanio.com/view/photo/s_ratio_poster/public/p2507466255.jpg
淘金岁月,9.0,剧情,美国,https://movie.douban.com/subject/1928887/,https://img9.doubanio.com/view/photo/s_ratio_poster/public/p2518163022.jpg
做我的情人吧，查理·布朗,9.0,剧情,美国,https://movie.douban.com/subject/2972559/,https://img9.doubanio.com/view/photo/s_ratio_poster/public/p2531986271.jpg
霸王别姬,9.6,剧情,中国香港,https://movie.douban.com/subject/1291546/,https://img9.doubanio.com/view/photo/s_ratio_poster/public/p2561716440.jpg
背靠背，脸对脸,9.4,剧情,中国香港,https://movie.douban.com/subject/1307856/,https://img9.doubanio.com/view/photo/s_ratio_poster/public/p2505048077.jpg
无间道,9.2,剧情,中国香港,https://movie.douban.com/subject/1307914/,https://img9.doubanio.com/view/photo/s_ratio_poster/public/p2564556863.jpg
活着,9.2,剧情,中国香港,https://movie.douban.com/subject/1292365/,https://img9.doubanio.com/view/photo/s_ratio_poster/public/p2513253791.jpg
南海十三郎,9.2,剧情,中国香港,https://movie.douban.com/subject/1303913/,https://img9.doubanio.com/view/photo/s_ratio_poster/public/p2328424489.jpg
紫钗记,9.1,剧情,中国香港,https://movie.douban.com/subject/1401219/,https://img9.doubanio.com/view/photo/s_ratio_poster/public/p2274298717.jpg
无间道(正序版),9.0,剧情,中国香港,https://movie.douban.com/subject/4860078/,https://img9.doubanio.com/view/photo/s_ratio_poster/public/p2236103938.jpg
上海滩,9.0,剧情,中国香港,https://movie.douban.com/subject/6311260/,https://img9.doubanio.com/view/photo/s_ratio_poster/public/p2344833803.jpg
无言的山丘,9.2,剧情,中国台湾,https://movie.douban.com/subject/1298944/,https://img9.doubanio.com/view/photo/s_ratio_poster/public/p2522310203.jpg
少年派的奇幻漂流,9.1,剧情,中国台湾,https://movie.douban.com/subject/1929463/,https://img9.doubanio.com/view/photo/s_ratio_poster/public/p1784592701.jpg
饮食男女,9.1,剧情,中国台湾,https://movie.douban.com/subject/1291818/,https://img9.doubanio.com/view/photo/s_ratio_poster/public/p1910899751.jpg
一一,9.0,剧情,中国台湾,https://movie.douban.com/subject/1292434/,https://img9.doubanio.com/view/photo/s_ratio_poster/public/p2567845803.jpg
夏目友人帐 第五季 特别篇 一夜酒杯,9.5,剧情,日本,https://movie.douban.com/subject/27011740/,https://img9.doubanio.com/view/photo/s_ratio_poster/public/p2454093081.jpg
夏目友人帐 第六季 特别篇 铃响的残株,9.5,剧情,日本,https://movie.douban.com/subject/27121232/,https://img9.doubanio.com/view/photo/s_ratio_poster/public/p2497232204.jpg
北国之恋：1987初恋,9.5,剧情,日本,https://movie.douban.com/subject/3794147/,https://img9.doubanio.com/view/photo/s_ratio_poster/public/p2472830331.jpg
北国之恋：1984夏天,9.5,剧情,日本,https://movie.douban.com/subject/3794146/,https://img9.doubanio.com/view/photo/s_ratio_poster/public/p2472828763.jpg
北国之恋：1992自立,9.5,剧情,日本,https://movie.douban.com/subject/2025124/,https://img9.doubanio.com/view/photo/s_ratio_poster/public/p2508557701.jpg
北国之恋：1989归乡,9.5,剧情,日本,https://movie.douban.com/subject/3794149/,https://img9.doubanio.com/view/photo/s_ratio_poster/public/p2522940189.jpg
北国之恋：1998时代,9.5,剧情,日本,https://movie.douban.com/subject/2025138/,https://img9.doubanio.com/view/photo/s_ratio_poster/public/p2323647341.jpg
北国之恋：2002遗言,9.5,剧情,日本,https://movie.douban.com/subject/2025137/,https://img9.doubanio.com/view/photo/s_ratio_poster/public/p2508558327.jpg
千与千寻,9.4,剧情,日本,https://movie.douban.com/subject/1291561/,https://img9.doubanio.com/view/photo/s_ratio_poster/public/p2557573348.jpg
新世纪福音战士剧场版：Air/真心为你,9.4,剧情,日本,https://movie.douban.com/subject/1308892/,https://img9.doubanio.com/view/photo/s_ratio_poster/public/p2250316512.jpg
夏目友人帐 第六季 特别篇 梦幻的碎片,9.4,剧情,日本,https://movie.douban.com/subject/27167055/,https://img9.doubanio.com/view/photo/s_ratio_poster/public/p2501694602.jpg
北国之恋：1983冬天,9.4,剧情,日本,https://movie.douban.com/subject/3794145/,https://img9.doubanio.com/view/photo/s_ratio_poster/public/p2472822148.jpg
北国之恋：1995秘密,9.4,剧情,日本,https://movie.douban.com/subject/2025130/,https://img9.doubanio.com/view/photo/s_ratio_poster/public/p2508557411.jpg
转世熏风,9.4,剧情,日本,https://movie.douban.com/subject/25745644/,https://img9.doubanio.com/view/photo/s_ratio_poster/public/p2317900073.jpg
福音战士新剧场版：破,9.3,剧情,日本,https://movie.douban.com/subject/2567646/,https://img9.doubanio.com/view/photo/s_ratio_poster/public/p1026522114.jpg
夏目友人帐：曾几何时下雪之日,9.3,剧情,日本,https://movie.douban.com/subject/25736048/,https://img9.doubanio.com/view/photo/s_ratio_poster/public/p2151897085.jpg
切腹,9.3,剧情,日本,https://movie.douban.com/subject/1304920/,https://img9.doubanio.com/view/photo/s_ratio_poster/public/p2151748293.jpg
银魂完结篇：直到永远的万事屋,9.3,剧情,日本,https://movie.douban.com/subject/11615927/,https://img9.doubanio.com/view/photo/s_ratio_poster/public/p1988430004.jpg
新世纪福音战士剧场版：复兴,9.3,剧情,日本,https://movie.douban.com/subject/20458867/,https://img9.doubanio.com/view/photo/s_ratio_poster/public/p2227584460.jpg
忠犬八公物语,9.2,剧情,日本,https://movie.douban.com/subject/1959195/,https://img9.doubanio.com/view/photo/s_ratio_poster/public/p1576418852.jpg
七武士,9.2,剧情,日本,https://movie.douban.com/subject/1295399/,https://img9.doubanio.com/view/photo/s_ratio_poster/public/p2565471701.jpg
东京物语,9.2,剧情,日本,https://movie.douban.com/subject/1291568/,https://img9.doubanio.com/view/photo/s_ratio_poster/public/p1925331564.jpg
新世纪福音战士剧场版：死与新生,9.2,剧情,日本,https://movie.douban.com/subject/1455442/,https://img9.doubanio.com/view/photo/s_ratio_poster/public/p454134242.jpg
虎与龙SP,9.2,剧情,日本,https://movie.douban.com/subject/3118848/,https://img9.doubanio.com/view/photo/s_ratio_poster/public/p809505182.jpg
新世纪福音战士 第0:0'话 来自黑暗之光,9.2,剧情,日本,https://movie.douban.com/subject/25815018/,https://img9.doubanio.com/view/photo/s_ratio_poster/public/p2167258298.jpg
空之境界 俯瞰风景3D,9.2,剧情,日本,https://movie.douban.com/subject/22297118/,https://img9.doubanio.com/view/photo/s_ratio_poster/public/p1970318059.jpg
宇宙兄弟#0,9.2,剧情,日本,https://movie.douban.com/subject/25792658/,https://img9.doubanio.com/view/photo/s_ratio_poster/public/p2179388771.jpg
铃兰：少女萌的故事,9.2,剧情,日本,https://movie.douban.com/subject/2065097/,https://img9.doubanio.com/view/photo/s_ratio_poster/public/p2195973075.jpg
无人知晓,9.1,剧情,日本,https://movie.douban.com/subject/1292337/,https://img9.doubanio.com/view/photo/s_ratio_poster/public/p661160053.jpg
福音战士新剧场版：序,9.1,剧情,日本,https://movie.douban.com/subject/1968790/,https://img9.doubanio.com/view/photo/s_ratio_poster/public/p2411110730.jpg
攻壳机动队2：无罪,9.1,剧情,日本,https://movie.douban.com/subject/1291566/,https://img9.doubanio.com/view/photo/s_ratio_poster/public/p1910832189.jpg
生之欲,9.1,剧情,日本,https://movie.douban.com/subject/1293847/,https://img9.doubanio.com/view/photo/s_ratio_poster/public/p2079076441.jpg
轻音少女 剧场版,9.1,剧情,日本,https://movie.douban.com/subject/5403927/,https://img9.doubanio.com/view/photo/s_ratio_poster/public/p2040458823.jpg
女人步上楼梯时,9.1,剧情,日本,https://movie.douban.com/subject/1419479/,https://img9.doubanio.com/view/photo/s_ratio_poster/public/p1676504317.jpg
最完美的离婚 2014特别篇,9.1,剧情,日本,https://movie.douban.com/subject/25790749/,https://img9.doubanio.com/view/photo/s_ratio_poster/public/p2186872257.jpg
孤独的美食家 除夕特别篇～ 最后一食！濑户内出差篇,9.1,剧情,日本,https://movie.douban.com/subject/27203607/,https://img9.doubanio.com/view/photo/s_ratio_poster/public/p2537906663.jpg
情迷意乱,9.1,剧情,日本,https://movie.douban.com/subject/1422091/,https://img9.doubanio.com/view/photo/s_ratio_poster/public/p1449763371.jpg
空之境界 未来福音 extra chorus,9.1,剧情,日本,https://movie.douban.com/subject/24861238/,https://img9.doubanio.com/view/photo/s_ratio_poster/public/p2215965143.jpg
机动战士高达 逆袭的夏亚,9.1,剧情,日本,https://movie.douban.com/subject/1401536/,https://img9.doubanio.com/view/photo/s_ratio_poster/public/p546980785.jpg
少女与战车 剧场版,9.1,剧情,日本,https://movie.douban.com/subject/24460604/,https://img9.doubanio.com/view/photo/s_ratio_poster/public/p2290872319.jpg
排球少年剧场版：才能与感觉,9.1,剧情,日本,https://movie.douban.com/subject/27144867/,https://img9.doubanio.com/view/photo/s_ratio_poster/public/p2499775606.jpg
倒数第二次恋爱 2012秋SP,9.1,剧情,日本,https://movie.douban.com/subject/19955789/,https://img9.doubanio.com/view/photo/s_ratio_poster/public/p1998695160.jpg
排球少年剧场版：观念之战,9.1,剧情,日本,https://movie.douban.com/subject/27144868/,https://img9.doubanio.com/view/photo/s_ratio_poster/public/p2499775714.jpg
天元突破剧场版：螺岩篇,9.1,剧情,日本,https://movie.douban.com/subject/3727748/,https://img9.doubanio.com/view/photo/s_ratio_poster/public/p937216094.jpg
京都人的私房雅趣·夏,9.1,剧情,日本,https://movie.douban.com/subject/27037451/,https://img9.doubanio.com/view/photo/s_ratio_poster/public/p2518729865.jpg
新世纪福音战士 第0:0话 诞生之始,9.1,剧情,日本,https://movie.douban.com/subject/26306741/,https://img9.doubanio.com/view/photo/s_ratio_poster/public/p2560431118.jpg
人间的条件(第五、六部),9.1,剧情,日本,https://movie.douban.com/subject/1441039/,https://img9.doubanio.com/view/photo/s_ratio_poster/public/p2566324607.jpg
小森林 夏秋篇,9.0,剧情,日本,https://movie.douban.com/subject/25814705/,https://img9.doubanio.com/view/photo/s_ratio_poster/public/p2564498893.jpg
小森林 冬春篇,9.0,剧情,日本,https://movie.douban.com/subject/25814707/,https://img9.doubanio.com/view/photo/s_ratio_poster/public/p2258078370.jpg
一一,9.0,剧情,日本,https://movie.douban.com/subject/1292434/,https://img9.doubanio.com/view/photo/s_ratio_poster/public/p2567845803.jpg
楢山节考,9.0,剧情,日本,https://movie.douban.com/subject/1296703/,https://img9.doubanio.com/view/photo/s_ratio_poster/public/p981755735.jpg
影武者,9.0,剧情,日本,https://movie.douban.com/subject/1303067/,https://img9.doubanio.com/view/photo/s_ratio_poster/public/p997945263.jpg
胜者即是正义SP,9.0,剧情,日本,https://movie.douban.com/subject/21332518/,https://img9.doubanio.com/view/photo/s_ratio_poster/public/p2151557606.jpg
红鳉鱼,9.0,剧情,日本,https://movie.douban.com/subject/26266892/,https://img9.doubanio.com/view/photo/s_ratio_poster/public/p2315734512.jpg
空之境界 第七章 杀人考察（后）,9.0,剧情,日本,https://movie.douban.com/subject/3399553/,https://img9.doubanio.com/view/photo/s_ratio_poster/public/p2202703811.jpg
孤独的美食家新春SP：严冬之北海道·旭川出差篇,9.0,剧情,日本,https://movie.douban.com/subject/26682874/,https://img9.doubanio.com/view/photo/s_ratio_poster/public/p2294143791.jpg
孤独的美食家特别篇！盛夏的东北·宫城出差篇,9.0,剧情,日本,https://movie.douban.com/subject/26823817/,https://img9.doubanio.com/view/photo/s_ratio_poster/public/p2362888109.jpg
吹响悠风号剧场版：想要传达的旋律,9.0,剧情,日本,https://movie.douban.com/subject/26994755/,https://img9.doubanio.com/view/photo/s_ratio_poster/public/p2499628260.jpg
轻音少女番外篇：访问,9.0,剧情,日本,https://movie.douban.com/subject/5308199/,https://img9.doubanio.com/view/photo/s_ratio_poster/public/p2125205411.jpg
赛文奥特曼 我是地球人,9.0,剧情,日本,https://movie.douban.com/subject/5041031/,https://img9.doubanio.com/view/photo/s_ratio_poster/public/p2547616522.jpg
卡里古拉,9.0,剧情,日本,https://movie.douban.com/subject/26843144/,https://img9.doubanio.com/view/photo/s_ratio_poster/public/p2369252025.jpg
悠哉日常大王 OAD,9.0,剧情,日本,https://movie.douban.com/subject/25779156/,https://img9.doubanio.com/view/photo/s_ratio_poster/public/p2190356194.jpg
木更津猫眼 世界系列,9.0,剧情,日本,https://movie.douban.com/subject/1793394/,https://img9.doubanio.com/view/photo/s_ratio_poster/public/p764157116.jpg
赛文奥特曼 光荣与传说,9.0,剧情,日本,https://movie.douban.com/subject/5041026/,https://img9.doubanio.com/view/subject/l/public/s4445212.jpg
身毒丸,9.0,剧情,日本,https://movie.douban.com/subject/20326528/,https://img9.doubanio.com/view/photo/s_ratio_poster/public/p2519799906.jpg
8UPPERS FEATURE MUSIC FILM,9.0,剧情,日本,https://movie.douban.com/subject/6839118/,https://img9.doubanio.com/view/photo/s_ratio_poster/public/p1210671627.jpg
蛮幽鬼,9.0,剧情,日本,https://movie.douban.com/subject/26425434/,https://img9.doubanio.com/view/photo/s_ratio_poster/public/p2385322366.jpg
栗色小天使,9.0,剧情,日本,https://movie.douban.com/subject/2376466/,https://img9.doubanio.com/view/photo/s_ratio_poster/public/p1510442260.jpg
熔炉,9.3,剧情,韩国,https://movie.douban.com/subject/5912992/,https://img9.doubanio.com/view/photo/s_ratio_poster/public/p1363250216.jpg
草地恋歌,9.3,剧情,韩国,https://movie.douban.com/subject/30238371/,https://img9.doubanio.com/view/photo/s_ratio_poster/public/p2546674482.jpg
素媛,9.2,剧情,韩国,https://movie.douban.com/subject/21937452/,https://img9.doubanio.com/view/photo/s_ratio_poster/public/p2118532944.jpg
辩护人,9.2,剧情,韩国,https://movie.douban.com/subject/21937445/,https://img9.doubanio.com/view/photo/s_ratio_poster/public/p2158166535.jpg
爱·回家,9.1,剧情,韩国,https://movie.douban.com/subject/1299361/,https://img9.doubanio.com/view/photo/s_ratio_poster/public/p2107418134.jpg
我爱你,9.0,剧情,韩国,https://movie.douban.com/subject/5908478/,https://img9.doubanio.com/view/photo/s_ratio_poster/public/p1075591188.jpg
剧院魅影：25周年纪念演出,9.7,剧情,英国,https://movie.douban.com/subject/24751811/,https://img9.doubanio.com/view/photo/s_ratio_poster/public/p2006533765.jpg
控方证人,9.5,剧情,英国,https://movie.douban.com/subject/5294851/,https://img9.doubanio.com/view/photo/s_ratio_poster/public/p2367853261.jpg
唐顿庄园：2015圣诞特别篇,9.5,剧情,英国,https://movie.douban.com/subject/26320001/,https://img9.doubanio.com/view/photo/s_ratio_poster/public/p2292519115.jpg
第十二夜,9.5,剧情,英国,https://movie.douban.com/subject/26715548/,https://img9.doubanio.com/view/photo/s_ratio_poster/public/p2543298085.jpg
忠犬八公的故事,9.4,剧情,英国,https://movie.douban.com/subject/3011091/,https://img9.doubanio.com/view/photo/s_ratio_poster/public/p524964016.jpg
跳出我天地音乐剧,9.4,剧情,英国,https://movie.douban.com/subject/26264388/,https://img9.doubanio.com/view/photo/s_ratio_poster/public/p2215874393.jpg
天使在美国第二部：重建,9.4,剧情,英国,https://movie.douban.com/subject/27045950/,https://img9.doubanio.com/view/photo/s_ratio_poster/public/p2459578301.jpg
绿翼：圣诞特别篇,9.4,剧情,英国,https://movie.douban.com/subject/10535616/,https://img9.doubanio.com/view/photo/s_ratio_poster/public/p2173751587.jpg
盗梦空间,9.3,剧情,英国,https://movie.douban.com/subject/3541415/,https://img9.doubanio.com/view/photo/s_ratio_poster/public/p513344864.jpg
星际穿越,9.3,剧情,英国,https://movie.douban.com/subject/1889243/,https://img9.doubanio.com/view/photo/s_ratio_poster/public/p2206088801.jpg
我们的父辈,9.3,剧情,英国,https://movie.douban.com/subject/27092246/,https://img9.doubanio.com/view/photo/s_ratio_poster/public/p2550705398.jpg
唐顿庄园：2011圣诞特别篇,9.3,剧情,英国,https://movie.douban.com/subject/6870362/,https://img9.doubanio.com/view/photo/s_ratio_poster/public/p1711501188.jpg
哈姆雷特,9.3,剧情,英国,https://movie.douban.com/subject/30191791/,https://img9.doubanio.com/view/photo/s_ratio_poster/public/p2518772062.jpg
神秘博士特别篇：时间尽头(下),9.3,剧情,英国,https://movie.douban.com/subject/4215755/,https://img9.doubanio.com/view/photo/s_ratio_poster/public/p2151699747.jpg
弗兰肯斯坦,9.3,剧情,英国,https://movie.douban.com/subject/10508921/,https://img9.doubanio.com/view/photo/s_ratio_poster/public/p2252273146.jpg
天使在美国第一部：千禧年降临,9.3,剧情,英国,https://movie.douban.com/subject/27021257/,https://img9.doubanio.com/view/photo/s_ratio_poster/public/p2474460813.jpg
萨勒姆的女巫,9.3,剧情,英国,https://movie.douban.com/subject/26288174/,https://img9.doubanio.com/view/photo/s_ratio_poster/public/p2403960244.jpg
文艺趣向,9.3,剧情,英国,https://movie.douban.com/subject/26637592/,https://img9.doubanio.com/view/photo/s_ratio_poster/public/p2474429728.jpg
红色,9.3,剧情,英国,https://movie.douban.com/subject/30451891/,https://img9.doubanio.com/view/photo/s_ratio_poster/public/p2547025234.jpg
幕后危机(特别版),9.3,剧情,英国,https://movie.douban.com/subject/10573682/,https://img9.doubanio.com/view/photo/s_ratio_poster/public/p2560891461.jpg
克里斯蒂娜·阿奎莱拉：回归本始,9.3,剧情,英国,https://movie.douban.com/subject/3060405/,https://img9.doubanio.com/view/photo/s_ratio_poster/public/p2498697744.jpg
蝙蝠侠：黑暗骑士,9.2,剧情,英国,https://movie.douban.com/subject/1851857/,https://img9.doubanio.com/view/photo/s_ratio_poster/public/p462657443.jpg
末代皇帝,9.2,剧情,英国,https://movie.douban.com/subject/1293172/,https://img9.doubanio.com/view/photo/s_ratio_poster/public/p452089833.jpg
钢琴家,9.2,剧情,英国,https://movie.douban.com/subject/1296736/,https://img9.doubanio.com/view/photo/s_ratio_poster/public/p792376093.jpg
简爱,9.2,剧情,英国,https://movie.douban.com/subject/26737926/,https://img9.doubanio.com/view/photo/s_ratio_poster/public/p2554871886.jpg
地下,9.2,剧情,英国,https://movie.douban.com/subject/1292206/,https://img9.doubanio.com/view/photo/s_ratio_poster/public/p1833776334.jpg
福尔摩斯：斑点带子案,9.2,剧情,英国,https://movie.douban.com/subject/3231171/,https://img9.doubanio.com/view/photo/s_ratio_poster/public/p1779190432.jpg
第二块血迹,9.2,剧情,英国,https://movie.douban.com/subject/3607018/,https://img9.doubanio.com/view/photo/s_ratio_poster/public/p2511443522.jpg
阿库·汉姆《吉赛尔》,9.0,剧情,英国,https://movie.douban.com/subject/30423908/,https://img9.doubanio.com/view/photo/s_ratio_poster/public/p2544794904.jpg
少年派的奇幻漂流,9.1,剧情,英国,https://movie.douban.com/subject/1929463/,https://img9.doubanio.com/view/photo/s_ratio_poster/public/p1784592701.jpg
穿条纹睡衣的男孩,9.1,剧情,英国,https://movie.douban.com/subject/3008247/,https://img9.doubanio.com/view/photo/s_ratio_poster/public/p1473670352.jpg
两杆大烟枪,9.1,剧情,英国,https://movie.douban.com/subject/1293350/,https://img9.doubanio.com/view/photo/s_ratio_poster/public/p792443418.jpg
黑镜：圣诞特别篇,9.1,剧情,英国,https://movie.douban.com/subject/25964630/,https://img9.doubanio.com/view/photo/s_ratio_poster/public/p2233676442.jpg
流浪者之歌,9.1,剧情,英国,https://movie.douban.com/subject/1303525/,https://img9.doubanio.com/view/photo/s_ratio_poster/public/p2384320756.jpg
人人都在聊杰米,9.1,剧情,英国,https://movie.douban.com/subject/30366357/,https://img9.doubanio.com/view/photo/s_ratio_poster/public/p2538553954.jpg
福尔摩斯：跳舞的人,9.1,剧情,英国,https://movie.douban.com/subject/3230514/,https://img9.doubanio.com/view/photo/s_ratio_poster/public/p2511441892.jpg
谁害怕弗吉尼亚·伍尔芙？,9.1,剧情,英国,https://movie.douban.com/subject/27018258/,https://img9.doubanio.com/view/photo/s_ratio_poster/public/p2455199319.jpg
莎士比亚现场,9.1,剧情,英国,https://movie.douban.com/subject/26780025/,https://img9.doubanio.com/view/photo/s_ratio_poster/public/p2340181231.jpg
法国大革命,9.1,剧情,英国,https://movie.douban.com/subject/2040152/,https://img9.doubanio.com/view/photo/s_ratio_poster/public/p2562096919.jpg
银色马,9.1,剧情,英国,https://movie.douban.com/subject/3607042/,https://img9.doubanio.com/view/photo/s_ratio_poster/public/p2511443948.jpg
图灵密码,9.1,剧情,英国,https://movie.douban.com/subject/25745571/,https://img9.doubanio.com/view/photo/s_ratio_poster/public/p2154031743.jpg
神秘博士圣诞时刻,9.1,剧情,英国,https://movie.douban.com/subject/21354158/,https://img9.doubanio.com/view/subject/l/public/s24976003.jpg
怒海英雄：火攻船,9.1,剧情,英国,https://movie.douban.com/subject/1889694/,https://img9.doubanio.com/view/photo/s_ratio_poster/public/p2278610371.jpg
临时演员圣诞特辑,9.1,剧情,英国,https://movie.douban.com/subject/2377036/,https://img9.doubanio.com/view/subject/l/public/s3914200.jpg
怒海英雄：回报,9.1,剧情,英国,https://movie.douban.com/subject/1889703/,https://img9.doubanio.com/view/photo/s_ratio_poster/public/p2278610124.jpg
神探夏洛克：福至如归,9.0,剧情,英国,https://movie.douban.com/subject/25798411/,https://img9.doubanio.com/view/photo/s_ratio_poster/public/p2412522760.jpg
秋日奏鸣曲,9.0,剧情,英国,https://movie.douban.com/subject/1297268/,https://img9.doubanio.com/view/photo/s_ratio_poster/public/p2034707962.jpg
唐顿庄园：2014圣诞特别篇,9.0,剧情,英国,https://movie.douban.com/subject/25965924/,https://img9.doubanio.com/view/photo/s_ratio_poster/public/p2221108128.jpg
尤里西斯的凝视,9.0,剧情,英国,https://movie.douban.com/subject/1294573/,https://img9.doubanio.com/view/photo/s_ratio_poster/public/p2180184371.jpg
天窗,9.0,剧情,英国,https://movie.douban.com/subject/25964104/,https://img9.doubanio.com/view/photo/s_ratio_poster/public/p2196752127.jpg
科利奥兰纳斯,9.0,剧情,英国,https://movie.douban.com/subject/25768089/,https://img9.doubanio.com/view/photo/s_ratio_poster/public/p2252280563.jpg
深夜小狗离奇事件,9.0,剧情,英国,https://movie.douban.com/subject/25698399/,https://img9.doubanio.com/view/photo/s_ratio_poster/public/p2091465967.jpg
四签名,9.0,剧情,英国,https://movie.douban.com/subject/3130431/,https://img9.doubanio.com/view/photo/s_ratio_poster/public/p2511444258.jpg
波希米亚丑闻,9.0,剧情,英国,https://movie.douban.com/subject/3230452/,https://img9.doubanio.com/view/photo/s_ratio_poster/public/p2511404366.jpg
弗朗西斯·卡法克斯女士失踪案,9.0,剧情,英国,https://movie.douban.com/subject/3610756/,https://img9.doubanio.com/view/photo/s_ratio_poster/public/p2509534726.jpg
马拉/萨德,9.0,剧情,英国,https://movie.douban.com/subject/24153263/,https://img9.doubanio.com/view/photo/s_ratio_poster/public/p2151447685.jpg
呼叫助产士：2013圣诞特别篇,8.9,剧情,英国,https://movie.douban.com/subject/25702328/,https://img9.doubanio.com/view/photo/s_ratio_poster/public/p2174965118.jpg
呼叫助产士：2012圣诞特别篇,9.0,剧情,英国,https://movie.douban.com/subject/20494747/,https://img9.doubanio.com/view/photo/s_ratio_poster/public/p2174965075.jpg
歌厅,9.0,剧情,英国,https://movie.douban.com/subject/4047130/,https://img9.doubanio.com/view/photo/s_ratio_poster/public/p2514836300.jpg
水獭塔卡,9.0,剧情,英国,https://movie.douban.com/subject/2016065/,https://img9.doubanio.com/view/photo/s_ratio_poster/public/p2526848077.jpg
怒海英雄：公爵夫人与恶魔,9.0,剧情,英国,https://movie.douban.com/subject/1889695/,https://img9.doubanio.com/view/photo/s_ratio_poster/public/p2278607774.jpg
莫扎特 歌剧《唐·乔万尼》（唐璜）,9.0,剧情,英国,https://movie.douban.com/subject/1877242/,https://img9.doubanio.com/view/subject/l/public/s1812251.jpg
怒海英雄：叛乱,9.0,剧情,英国,https://movie.douban.com/subject/1889700/,https://img9.doubanio.com/view/subject/l/public/s1832238.jpg
